codigo,titulo,descripcion,url_relativa
VISUALIZALOCALESAUTOS,Habilitar las listas desplegables de lugares rentadoras,Este parámetro permite habilitar o no los campos de localidades.,params/001_Habilitar_las_listas_desplegables_de_lugares_rentadoras.html
Visualiza codigos de descuentos en autos,Visualiza codigos de descuentos en autos,Parámetro para definir si en el flujo de reserva de autos se visualizan el tipo de acuerdo con su respectivo código promocional de la configuración de cada una de las rentadoras.,params/002_Visualiza_codigos_de_descuentos_en_autos.html
Visualizar pedidos especiales en autos,Visualizar pedidos especiales en autos,Parámetro para definir si se refleja la sección de pedidos especiales en el flujo de reserva de autos.,params/003_Visualizar_pedidos_especiales_en_autos.html
Visualiza los tipos de autos en el busca,Visualiza los tipos de autos en el buscador de autos,Parámetro para definir si en la lista despegable de tipos de autos se refleja la lista completa o de una forma resumida,params/004_Visualiza_los_tipos_de_autos_en_el_buscador_de_autos.html
Reservas de autos en On-Hold (AgentCars),Reservas de autos en On-Hold (AgentCars),Parámetro para definir si las reservas de autos generadas por medio de agentcars se pueden dejar en estado hold (En espera - pendiente de pago),params/005_Reservas_de_autos_en_On-Hold_(AgentCars).html
USECARSMAPS,Usa funcionalidad de mapas en el buscador de autos,Este parámetro es para utilizar la funcionalidad de mapas en el buscador de autos,params/006_Usa_funcionalidad_de_mapas_en_el_buscador_de_autos.html
OBLIGAOBSERVARESERVA,Obliga observación de reserva,Parámetro para obligar al solicitante ingresar texto en el campo “Observaciones” al momento de realizar la reserva,params/007_Obliga_observación_de_reserva.html
NUMDIASSIGUIENTE,Numero días siguiente del viaje,"En este parámetro se puede configurar cuantos días posteriores se debe consultar disponibilidad aérea, por ejemplo al tener configurado en el parámetro valor de 2, quiere decir que dependiendo la fecha en que se haga la consulta, también traiga resultados a los dos días siguientes.",params/008_Numero_días_siguiente_del_viaje.html
AUTOCOMPLETEPASSENGERINFO,Auto completar Pasajero (Perfil pasajero),"Activa la opción para que al momento de hacer la reserva, con solo ingresar el apellido o el nombre del viajero se autocompleten los demás datos del mismo.",params/009_Auto_completar_Pasajero_(Perfil_pasajero).html
Finalizar reserva de forma automática,Finalizar reserva de forma automática,"Parametro para definir si al momento de generar una reserva se desea que se termine automaticamente o no, es decir, no generar mas de una reserva con un mismo localizador",params/010_Finalizar_reserva_de_forma_automática.html
CIASEXCLUIDASAMADEUS,Aerolíneas a excluir en Amadeus,Parámetro para ingresar las aerolíneas con las cuales no se quiere ver resultados de disponibilidad en Amadeus.,params/011_Aerolíneas_a_excluir_en_Amadeus.html
EMAILSUCCESSEMISION,Envió Copia de Eticket,"Parámetro para configurar una cuenta de correo adicional para que llegue copia del  E-ticket o Voucher. Por defecto el sistema solo le envía el eticket al pasajero, en este parámetro se puede configurar copia de las cuentas adicionales que desea que le llegue el eticket cuando se hace la emisión del",params/012_Envió_Copia_de_Eticket.html
MONEDACONSULTAVUELOS,Moneda realiza búsqueda de vuelos,Parámetro para configurar la moneda por defecto para la búsqueda de vuelos,params/013_Moneda_realiza_búsqueda_de_vuelos.html
NUMRECOMENDACIONES,Número de recomendaciones,Numero de opciones de disponibilidad mostrada como resultado de consulta de vuelos. Solo aplica para el GDS amadeus.,params/014_Número_de_recomendaciones.html
MOSTRARBTNBUSQUEDAPORHORARIOINTERNACIONAL,Mostrar el botón de búsqueda por horario para vuelos internacionales,Al configúralo permite que el botón de búsqueda por horario aparezca para vuelos internacionales,params/015_Mostrar_el_botón_de_búsqueda_por_horario_para_vuelos_internacionales.html
BTNBUSPHSEGUNRUTA,Botones de Búsqueda según ruta NAL/INTER,Indica si los botones de búsqueda por horario o por precio aparecen según el tipo de consulta (Internacional/Nacional),params/016_Botones_de_Búsqueda_según_ruta_NALINTER.html
AEROLINEASEXIGENFOIDPASAJERO,Aerolíneas exigen FOID Pasajero,Parámetro para configurar la lista de aerolíneas que exigen el FOID del pasajero,params/017_Aerolíneas_exigen_FOID_Pasajero.html
AEROLINEASUSANLOCCOMOFOID,Aerolíneas usan localizador como FOID,Lista de aerolíneas que deben usar el localizador como FOID,params/018_Aerolíneas_usan_localizador_como_FOID.html
MOSTRAROPCIONESCONSIDERADAS,Mostrar otras opciones consideradas en la reserva,"Indica si debe mostrar en el mail de aprobación  otras opciones consideradas en la reserva, ver imagen de la sección que sale al tener este parámetro activo.",params/019_Mostrar_otras_opciones_consideradas_en_la_reserva.html
MOSTRARINFOADIINFOPRECIO,Mostrar otras opciones de precio más bajo y precio más alto en la reserva,Indica si se deben mostrar al momento de hacer la reserva en el resultado de la consulta otras opciones de precios alto y bajo,params/020_Mostrar_otras_opciones_de_precio_más_bajo_y_precio_más_alto_en_la_rese.html
SUMARTASASTARIFACION,Sumar fee a impuestos,Este parámetro sirve para definir como se desea mostrar los valores de los tiquetes cuando se selecciona un itinerario.,params/021_Sumar_fee_a_impuestos.html
RESPENHORARIOBUSQPRECIO,Realizar consulta de horario con respuesta de precios,"Al realizar la búsqueda por Horario, mostrará el valor del trayecto",params/022_Realizar_consulta_de_horario_con_respuesta_de_precios.html
MOSTRARTARIFASMONEDAPORTAL,Mostrar las tarifas solo en la moneda del portal,Debido a que cada portal según el país ya tiene la moneda del país asociada es posible entonces dejar esta moneda por defecto para cada agencia asociada determinado país.,params/023_Mostrar_las_tarifas_solo_en_la_moneda_del_portal.html
COMANDOSRESTRINGIDOSAMADEUS,Comandos Cripticos restingidos (Amadeus),"Parámetro para agregar la lista de comandos que se van a restringir para uso en críptico Amadeus (Separar, ó ;).",params/024_Comandos_Cripticos_restingidos_(Amadeus).html
SOLOVERDISPONIBILIDADVUELOS,Solo ver disponibilidad de vuelos,"Indica si solo permite ver la disponibilidad de los vuelos, mas no reservar",params/025_Solo_ver_disponibilidad_de_vuelos.html
TOLERANCIAHORASTARIFAMAXMIN,Tolerancia horas tarifa máxima y mínima,"Tolerancia en horas para buscar la tarifa máxima y mínima de la disponibilidad, En este campo es posible parametrizar para aparecer en el momento de la tarifa opciones más baratas que el vuelo escogido (sólo informativo). Usted puede elegir de 1 a 5 horas antes o después del vuelo elegido.",params/026_Tolerancia_horas_tarifa_máxima_y_mínima.html
COMANDOSRESTRINGIDOSSABRE,Comandos crípticos restringidos (Sabre),"Lista de comandos restringidos para uso en críptico Sabre (Separar, ó ;).",params/027_Comandos_crípticos_restringidos_(Sabre).html
COMANDOSRESTRINGIDOSGALILEO,Comandos crípticos restringidos (Galileo),"Se ingresan la serie de comandos restringidos en Galileo separados por una coma (,)",params/028_Comandos_crípticos_restringidos_(Galileo).html
BUSQPORFAMILIATARIFARIA,Búsqueda por familias tarifarias,Este parámetro permite a la entidad realizar búsquedas por familias tarifarias,params/029_Búsqueda_por_familias_tarifarias.html
BLOQUEARFILTROPORAEROLINEA,Bloquear el filtrado de aerolíneas en la disponibilidad,"Parámetro para bloquear la selección de las compañías aereas en el buscador aéreo, al seleccionar “Si” el sistema bloquea las cias aéreas que salen en el buscador , ver imagen a continuación:",params/030_Bloquear_el_filtrado_de_aerolíneas_en_la_disponibilidad.html
VERIFICASVUELOSMASECONOMICOS,Mostrar mejor opción de vuelo,Habilita evaluación y pop-up de precios más económicos en selección de vuelos.,params/031_Mostrar_mejor_opción_de_vuelo.html
MONEDABUSQUEDAVUELOSINTER,Moneda por defecto vuelos internacionales,En este parámetro se debe seleccionar la moneda con la que se mostrarán las opciones de vuelo internaciones,params/032_Moneda_por_defecto_vuelos_internacionales.html
USEMINPAXINFOPROFILEFLIGHTBOOKING,Usar perfil corto,Parámetro para definir si se usa el mínimo de información en el perfil del pasajero reserva de vuelos,params/033_Usar_perfil_corto.html
SHOWCONTACTINFOPAXFLIGHTBOOKING,Mostrar información adicional del pasajero,Este parámetro define si se desea mostrar información adicional del pasajero en reserva de vuelos,params/034_Mostrar_información_adicional_del_pasajero.html
SHOWIDPAXFLIGHTBOOKING,Mostrar la identificación de pasajero en la reserva aerea,"Este parámetro define si en los datos del pasajero muestra o no la identificación, al seleccionar “No” el sistema oculta el campo de tipo e identificación en el pasajero",params/035_Mostrar_la_identificación_de_pasajero_en_la_reserva_aerea.html
IGNOREAUTOCOMPLETEPAXINFO,Libera reservas de pasajeros no registrados en auto completo,Indica si se puede llenar los campos de pasajeros con un pasajero que no esté creado,params/036_Libera_reservas_de_pasajeros_no_registrados_en_auto_completo.html
Obliga email para reservar,Obliga email para reservar,"Parámetro para definir que el campo de “Email” sea obligatorio al momento de cerrar la reserva, aplica para vuelos",params/037_Obliga_email_para_reservar.html
MOSTRARINFORMACIONADICIONALRESERVA,Mostrar información adicional de la reserva,"Parámetro para habilitar la sección de Información adicional, que incluyen unos campos adicionales para complementar la reserva aerea, campos como, motivo de viaje, complemento motivo de viaje, información de contacto, y cierta información de agradecimiento que desea que se refleje en el voucher.",params/038_Mostrar_información_adicional_de_la_reserva.html
RECALCULARFEERETRIEVE,Recalcular fee del retrieve,Indica si recalcula el valor del fee al ingresar al retrieve,params/039_Recalcular_fee_del_retrieve.html
PLAZOAPROBACION,Plazo de aprobacion,"Es la hora máxima para la aprobación de vuelos, debe estar en formato militar desde la 0 hasta la 23 con sus respectivos minutos ejemplo 20:30",params/040_Plazo_de_aprobacion.html
USARPASARELADEPAGOVUELOS,Usar Pasarela de pago,Este parámetro permite definir si la entidad va a utilizar una pasarela de pagos,params/041_Usar_Pasarela_de_pago.html
MOSTRARCALENDARIOVUELOS,Mostrar calendario en vuelos,"Este parámetro muestra las opciones de vuelos más económicas en un calendario, seleccionando en el buscador “Fechas flexibles”",params/042_Mostrar_calendario_en_vuelos.html
MOSTRARLISTASOURCESBUSQVUELOS,Mostrar brokers vuelos,Mostrar la lista de proveedores de vuelo en la búsqueda,params/043_Mostrar_brokers_vuelos.html
MOSTRARMENSAJEALTERACIONTARIFA,Tarifa sujeta a cambios sin previo aviso,Indica si se debe mostrar el mensaje Tarifa sujeta a cambios en el Retrieve de Vuelos.,params/044_Tarifa_sujeta_a_cambios_sin_previo_aviso.html
VUELOSMOBILE,Vuelos Mobile,Indica si el usuario de la aplicación puede ver todo lo relacionado a vuelos,params/045_Vuelos_Mobile.html
ESTABLECIMIENTOSMOBILE,Establecimiento mobile,Indica si el usuario tiene la opción de agregar el establecimiento al momento de factura al crear un gasto,params/046_Establecimiento_mobile.html
RESERVARDOSAEROLINEASDIFERENTES,Permitir reservar dos aerolíneas distintas,Este parámetro sirve para restringir la reserva con dos aerolíneas distintas.,params/047_Permitir_reservar_dos_aerolíneas_distintas.html
Mostrar boton best buy,Mostrar boton best buy,"Parámetro para definir si se refleja el botón de Best buy en la búsqueda por horario, dicho botón tiene como funcionalidad mostrar la tarifa más económica de los itinerarios previamente seleccionados.",params/048_Mostrar_boton_best_buy.html
Valores campo cabina buscador,Valores campo cabina buscador,Con este parámetro se pueden controlar las opciones que se muestran en el campo de cabinas que está en el buscador,params/049_Valores_campo_cabina_buscador.html
Valores horario buscador vuelos,Valores horario buscador vuelos,Con este parámetro se pueden controlar las opciones que se muestran en el campo de los horarios del vuelo que está en el buscador,params/050_Valores_horario_buscador_vuelos.html
Obligar equipaje en Vuelos Nacionales,Obligar equipaje en Vuelos Nacionales,"Parámetro para forzar la búsqueda incluyendo el equipaje, este parámetro solo aplica para búsquedas nacionales",params/051_Obligar_equipaje_en_Vuelos_Nacionales.html
Ocultar campo tipo de tarifa buscador vu,Ocultar campo tipo de tarifa buscador vuelos,Parámetro para definir si se oculta el campo de tipo de tarifa que se encuentra en el buscador de vuelos.,params/052_Ocultar_campo_tipo_de_tarifa_buscador_vuelos.html
Unificar botones vuelos,Unificar botones vuelos,"Este parámetro se realizó para unificar los botones de búsqueda de vuelos en uno solo, el criterio de definición es el siguiente:",params/053_Unificar_botones_vuelos.html
Habilitar alerta reservas duplicadas,Habilitar alerta reservas duplicadas,"Este parámetro identifica cuando se está realizando una segunda reserva con las mismas o similares características de una reserva anterior, esto con el fin de alertar al asesor o a la persona que está realizando la reserva y evitar que se hagan duplicidades de reservas aéreas, el sistema básicamente",params/054_Habilitar_alerta_reservas_duplicadas.html
MODBUSQUEDAVUELOSINTER,"Indica modo busqueda internacional Horario(H), Precio(P), Ambos(A)",De acuerdo a este parámetro se mostraran los botones en el formulario de vuelo para el tipo de búsqueda internacional,"params/055_Indica_modo_busqueda_internacional_Horario(H),_Precio(P),_Ambos(A).html"
MODBUSQUEDAVUELOSNACIONAL,"Indica modo busqueda nacional Horario(H), Precio(P), Ambos(A)",De acuerdo a este parámetro se mostraran los botones en el formulario de vuelo para el tipo de búsqueda nacional,"params/056_Indica_modo_busqueda_nacional_Horario(H),_Precio(P),_Ambos(A).html"
ORDENARPORDURACIONBUSQHORARIO,Ordenar los resultados por duracion,"Parámetro para cambiar el ordenamiento por defecto de la búsqueda por horario, al activar este parámetro los resultados se organizan por duración, quiere decir que primero muestra los vuelos que tienen menos tiempo de duración a los que tiene una duración más prolongada.",params/057_Ordenar_los_resultados_por_duracion.html
Agregar AIAN en la reserva (Amadeus),Agregar AIAN en la reserva (Amadeus),"Parámetro para definir si se agrega el ID fiscal, AIAN en el PNR Amadeus cuando se hace una reserva en críptico.",params/058_Agregar_AIAN_en_la_reserva_(Amadeus).html
Mostrar filtro tarifas avanzadas busqued,Mostrar filtro tarifas avanzadas busqueda vuelos,"Parámetro para definir si en el buscador se habilitan opciones adicionales para realizar una búsqueda avanzada, dichas opciones adicionales son para buscar vuelos con conexiones largas, vuelos con o sin penalidad, y tarifas no reembolsables.",params/059_Mostrar_filtro_tarifas_avanzadas_busqueda_vuelos.html
Informar trayectos sin equipaje,Informar trayectos sin equipaje,Parámetro para definir si se activa una alerta cuando se está seleccionando itinerarios sin equipaje,params/060_Informar_trayectos_sin_equipaje.html
Ocultar filtro aerolínea buscador vuelos,Ocultar filtro aerolínea buscador vuelos,Parámetro para ocultar el filtro de aerolínea en el buscador de vuelos,params/061_Ocultar_filtro_aerolínea_buscador_vuelos.html
Vuelos directos por defecto (Nacional),Vuelos directos por defecto (Nacional),"Parámetro para definir si en el buscador aéreo en el campo de DIRECTO, Se deja por defecto para que se haga búsquedas con vuelos directos o no,",params/062_Vuelos_directos_por_defecto_(Nacional).html
Vuelos directos por defecto (Internacion,Vuelos directos por defecto (Internacional),"Parámetro para definir si en el buscador aéreo en el campo de DIRECTO, Se deja por defecto para que se haga búsquedas con vuelos directos o no,",params/063_Vuelos_directos_por_defecto_(Internacional).html
Obligar el ingreso del teléfono del pasa,Obligar el ingreso del teléfono del pasajero,Parámetro para definir como obligatorio el campo de teléfono pasajero.,params/064_Obligar_el_ingreso_del_teléfono_del_pasajero.html
Obliga el ingreso de la identificación d,Obliga el ingreso de la identificación del pasajero en vuelos,Parámetro para definir como obligatorio el campo de identificación.,params/065_Obliga_el_ingreso_de_la_identificación_del_pasajero_en_vuelos.html
Usar configuración pago por source,Usar configuración pago por source,Este parámetro permite que el front trabaje con las reglas de pago configuradas. Si este no está activo el portal B2B trabaja con las opciones de pago que por defecto tiene filtradas en los templates de pago,params/066_Usar_configuración_pago_por_source.html
ALERTADOSGDSDIFERENTES,Alerta combinacion dos GDS diferentes,Parámetro para alerta al usuario cuando se están seleccionando itinerarios de diferentes GDS,params/067_Alerta_combinacion_dos_GDS_diferentes.html
Ordenamiento en búsqueda por horario,Ordenamiento en búsqueda por horario,"Parámetro para definir cuál debe ser el ordenamiento en la búsqueda por horario y búsqueda por familia tarifaria, si es por hora de salida, duración o precio",params/068_Ordenamiento_en_búsqueda_por_horario.html
MALETASBUSCADORDEFECTO,Seleccionar vuelos con Maletas por defecto,Parámetro para definir si en el buscador se activa el check que incluya equipaje por defecto.,params/069_Seleccionar_vuelos_con_Maletas_por_defecto.html
Obligar equipaje en Vuelos Internacional,Obligar equipaje en Vuelos Internacionales,"Parámetro para forzar la búsqueda incluyendo el equipaje, este parámetro solo aplica para búsquedas internacionales",params/070_Obligar_equipaje_en_Vuelos_Internacionales.html
Ocultar campos promocode en el buscador ,Ocultar campos promocode en el buscador aéreo,Parámetro para ocultar la opción de promocode en el buscador de vuelos,params/071_Ocultar_campos_promocode_en_el_buscador_aéreo.html
Sumar los impuestos YQ y YR a la tarifa,Sumar los impuestos YQ y YR a la tarifa,Parámetro para sumar los impuestos YQ y YR a la tarifa,params/072_Sumar_los_impuestos_YQ_y_YR_a_la_tarifa.html
Ocultar boton remover del flujo de aprob,Ocultar boton remover del flujo de aprobación,Parámetro para definir si se oculta el botón de remover en la sección e aprobadores en el flujo corporativo.,params/073_Ocultar_boton_remover_del_flujo_de_aprobación.html
Seleccionar horario de búsqueda por fran,Seleccionar horario de búsqueda por franja en buscador de vuelos,Parámetro para permitir seleccionar horas especificas con un rango de horas en la búsqueda aérea,params/074_Seleccionar_horario_de_búsqueda_por_franja_en_buscador_de_vuelos.html
Ocultar reemisión para los usuarios tipo,Ocultar reemisión para los usuarios tipo cliente,"Parámetro para definir si se refleja el botón de reemisión que se visualiza en el retrieve de la reserva, tener en cuenta que solo aplica para los usuarios tipo cliente y para reservas generadas con el GDS Amadeus",params/075_Ocultar_reemisión_para_los_usuarios_tipo_cliente.html
OCULTARRENOVARTARIFACLIENTE,Ocultar botón renovar tarifa para los usuarios tipo cliente,"Parámetro para definir si se refleja el botón de renovar tarifa en el retrieve de la reserva, solo aplica para usuarios tipo cliente",params/076_Ocultar_botón_renovar_tarifa_para_los_usuarios_tipo_cliente.html
Permitir reserva duplicada,Permitir reserva duplicada,"Este parámetro identifica cuando se está realizando una segunda reserva con las mismas o similares características de una reserva anterior, esto con el fin de alertar al asesor o a la persona que está realizando la reserva y evitar que se hagan duplicidades de reservas aéreas, el sistema básicamente",params/077_Permitir_reserva_duplicada.html
Cola reservas emitidos en Sabre,Cola reservas emitidos en Sabre,Parámetro para definir la cola y categoría donde desean que quede la reserva después de emitida.,params/078_Cola_reservas_emitidos_en_Sabre.html
Cola reservas emitidos en Amadeus,Cola reservas emitidos en Amadeus,Parámetro para definir la cola y categoría donde desean que quede la reserva después de emitida.,params/079_Cola_reservas_emitidos_en_Amadeus.html
Mostrar y/o ocultar el promocode de la t,Mostrar y/o ocultar el promocode de la tarifación,Parametro para definir si se vizualiza el campo de promocode al tarifar.,params/080_Mostrar_yo_ocultar_el_promocode_de_la_tarifación.html
Mostrar las diferentes TC almacenadas,Mostrar las diferentes TC almacenadas,"Parámetro que permite visualizar los datos de la TC que están almacenados en la entidad, centro de costo o pasajero",params/081_Mostrar_las_diferentes_TC_almacenadas.html
Valores campo cabina buscador vuelos int,Valores campo cabina buscador vuelos internacional,"Con este parámetro se pueden controlar las opciones que se muestran en el campo de cabinas que está en el buscador para vuelos internacionales, hay otro parámetro que se define para vuelos nacionales VALUESCABINEFLIGHTS",params/082_Valores_campo_cabina_buscador_vuelos_internacional.html
Ocultar la tarifa sin acuerdo,Ocultar la tarifa sin acuerdo,Parámetro para ocultar la pestaña de “Tarifa Clase”  en la tarifación aérea,params/083_Ocultar_la_tarifa_sin_acuerdo.html
Cantidad de Adultos para el buscador de ,Cantidad de Adultos para el buscador de vuelos,Parámetro para definir la cantidad de adultos que se deben reflejar en el buscador.,params/084_Cantidad_de_Adultos_para_el_buscador_de_vuelos.html
Cantidad de Niños para el buscador de vu,Cantidad de Niños para el buscador de vuelos,Parámetro para definir el número máximo de niños que se reflejara en el buscador aéreo.,params/085_Cantidad_de_Niños_para_el_buscador_de_vuelos.html
Cantidad de infantes para el buscador de,Cantidad de infantes para el buscador de vuelos,Parámetro para definir el número máximo de niños que se reflejara en el buscador aéreo.,params/086_Cantidad_de_infantes_para_el_buscador_de_vuelos.html
Mostrar alerta en Retrieve de que la tar,Mostrar alerta en Retrieve de que la tarifa publicada puede cambiar,Parámetro para mostrar en el retrieve una alerta indicando que la tarifa publicada puede cambiar,params/087_Mostrar_alerta_en_Retrieve_de_que_la_tarifa_publicada_puede_cambiar.html
NUMRECOMENDACIONESINTER,Número de recomendaciones internacional,"Numero de opciones de disponibilidad mostrada como resultado de consulta de vuelos internacionales, solo aplica para el GDS Amadeus",params/088_Número_de_recomendaciones_internacional.html
Dias a restringir búsqueda de vuelos,Dias a restringir búsqueda de vuelos,"Parámetro para definir cuantos días se bloquea el calendario de vuelos, al definir un valor en el parámetro, el calendario bloquea los días tomando en cuenta la fecha actual.",params/089_Dias_a_restringir_búsqueda_de_vuelos.html
Activar tarifacion de forma automática e,Activar tarifacion de forma automática en la búsqueda por horario y familias,Parámetro para definir de forma automática la tarifación cuando se selecciona el itinerario de ida y luego el de regreso en la búsqueda por horario o por familias tarifarias.,params/090_Activar_tarifacion_de_forma_automática_en_la_búsqueda_por_horario_y_fa.html
Buscar vuelos con tarifas sin penalidad,Buscar vuelos con tarifas sin penalidad,Parámetro para definir en la búsqueda aérea que muestre tarifas sin penalidad.,params/091_Buscar_vuelos_con_tarifas_sin_penalidad.html
Buscar vuelos con tarifas reembolsables,Buscar vuelos con tarifas reembolsables,Parámetro para definir que en la búsqueda área refleja tarifas reembolsables,params/092_Buscar_vuelos_con_tarifas_reembolsables.html
Sources que manejan Upsell,Sources que manejan Upsell,Parámetro para definir los sources que soportan el Upsell (UPSELL aplica para cuando la aerolínea soporta familias o branded fares).,params/093_Sources_que_manejan_Upsell.html
Enviar copia de las notificaciones de re,Enviar copia de las notificaciones de reserva al pasajero,"Parámetro para definir si se envía al pasajero las notificaciones de la reserva. Por defecto al pasajero solo se envía el eticket cuando se hace la emisión de la reserva, al activar este parámetro se enviará las confirmaciones de reserva.",params/094_Enviar_copia_de_las_notificaciones_de_reserva_al_pasajero.html
Sources que manejan ancillaries,Sources que manejan ancillaries,"Parámetro para configurar los sources que permitirán los servicios adicionales “Ancilliares” el parámetro se podrá configurar escribiendo los sources separados por coma (,) o por (;).",params/095_Sources_que_manejan_ancillaries.html
Número máximo de segmentos posibles en m,Número máximo de segmentos posibles en multitrayecto,Parámetro para definir el número máximo de trayectos posibles en la opción de multitrayecto en vuelos,params/096_Número_máximo_de_segmentos_posibles_en_multitrayecto.html
Opciones de vuelos por defecto seleccion,Opciones de vuelos por defecto seleccionadas cotización,Parámetro para dejar seleccionados por defecto los check de los trayectos para el envio de la cotización,params/097_Opciones_de_vuelos_por_defecto_seleccionadas_cotización.html
Filtra el upsell de acuerdo a la cabina ,"Filtra el upsell de acuerdo a la cabina seleccionada en el buscador, por defecto se muestran todas las cabinas.",Parámetro para filtrar en los resultados de vuelos la cabina seleccionada en el buscador,"params/098_Filtra_el_upsell_de_acuerdo_a_la_cabina_seleccionada_en_el_buscador,_p.html"
Mostrar el campo nacionalidad,Mostrar el campo nacionalidad,"Parámetro para definir si se visualiza el campo de nacionalidad al momento de diligenciar los datos del viajero, solo aplica para vuelos.",params/099_Mostrar_el_campo_nacionalidad.html
Entidad maneja Fingerprint,Entidad maneja Fingerprint,Parámetro para definir si se activa el fingerprint y poder configurar dispositivos seguros,params/100_Entidad_maneja_Fingerprint.html
CODMOTIVODEFECTO,Motivo por Defecto,"Asigna por defecto un motivo de viajes creado en el sistema, su valor es el código del motivo de viajes creado",params/101_Motivo_por_Defecto.html
XCAFMOTIVOSVIAJE,Cliente utiliza Motivo de Viajes,"Indica si la entidad maneja motivos viaje, al seleccionar “Si” se deben configurar en la entidad los motivos de viaje y el usuario al momento de realizar la reserva seleccionar dicho motivos para que queden documentados en la reserva.",params/102_Cliente_utiliza_Motivo_de_Viajes.html
XCAFRAZONESNOCUMPLIMIENTO,Cliente indica las razones de las políticas de no cumplimiento,Indica si se van a manejar razones de no cumplimiento,params/103_Cliente_indica_las_razones_de_las_políticas_de_no_cumplimiento.html
XCAFPOLITICASVIAJE,Cliente utiliza Políticas de Viajes,"Indica si se va a manejar políticas de viajes, lo que quiere decir que en el proceso de la reserva se validaran las políticas de viajes que se tiene asociada a la entidad o al pasajero, y estas políticas independiente si se cumplen o no, se enviaran en la notificación del aprobador para que este apr",params/104_Cliente_utiliza_Políticas_de_Viajes.html
XCAFTIPOPOLITICAS,Cliente Utiliza Políticas Restrictivas o Informativas,Indica si las políticas configuradas en la entidad serán restrictivas (no permite continuar con el proceso de reserva si no se cumple la política) o solo informativa (solo informa que no se cumple la política pero permite continuar con la reserva),params/105_Cliente_Utiliza_Políticas_Restrictivas_o_Informativas.html
MANEJAAPROBADORINTERNACIONAL,Aprobador Internacional (Utilizar Aprobador 4),"Este parámetro indica si maneja aprobador para reservas Internacionales, si aplica que “Si” en los campos de aprobación se habilitaran el aprobador 3 y aprobador 4 para la aprobación de reservas internacionales, y el aprobador 1 y aprobador 2 para la aprobación de reservas nacionales.",params/106_Aprobador_Internacional_(Utilizar_Aprobador_4).html
OBLIGAJUSTIFICAAPROBACION,Obliga justificación al aprobar o rechazar,Parámetro para obligar al aprobador a que se ingrese una justificación al aprobar o rechazar una reserva,params/107_Obliga_justificación_al_aprobar_o_rechazar.html
OBLIGACENTROCOSTORESERVA,Obliga centros de costos al reservar,Si el valor es S es obligatorio para el viajero o agente escoger un Centro de costos para poder reservar,params/108_Obliga_centros_de_costos_al_reservar.html
OBLIGAMOTIVORESERVA,Obliga motivo de reserva,"Obliga a ingresar el motivo de viaje ya definidos en la entidad al momento reservar, este motivo de viaje queda documentado también en el PNR como remark, dicho remark se puede personalizar en el parámetro “Remark Motivo viaje”",params/109_Obliga_motivo_de_reserva.html
PROCESOAPROBACION,Tipo de flujo de aprobacion:Paralelo o Sequencial,Combo para seleccionar el tipo de flujo que se aplicara en la entidad para rutas nacionales. Importante tener en cuenta la funcionalidad de las opciones de este campo:,params/110_Tipo_de_flujo_de_aprobacionParalelo_o_Sequencial.html
ENVIARCOPIACORREOA,Enviar copia a todos los email del Flujo Corporativo,El mail aquí ingresado recibirá una copia de las acciones realizadas en el flujo corporativo.,params/111_Enviar_copia_a_todos_los_email_del_Flujo_Corporativo.html
SENDCORPORATEEMAILBYTRAVELAGENT,Enviar email corporativo por un agente de viajes,"Parámetro para indicar si cuando la reserva la hace un agente de viajes, dispara el flujo corporativo y envía notificación de reserva.",params/112_Enviar_email_corporativo_por_un_agente_de_viajes.html
PODERELEGIRAPROBADOR,Poder elegir aprobador en el proceso de reserva,"Indica si puede elegir un aprobador diferente al momento de realizar una reserva, si el parámetro está en “Si” en cada uno de los campos de aprobadores, tendrá la opción de cambiar o agregar un nuevo aprobador.",params/113_Poder_elegir_aprobador_en_el_proceso_de_reserva.html
SHOWCOSTCENTER,Visualiza Centro de Costo,Indica si en la entidad se muestra la información de los centros de costos,params/114_Visualiza_Centro_de_Costo.html
SHOWREMARKS,Visualiza Remarks,Este parámetro permite mostrar los remarks configurados en la entidad después de realizar la reserva.,params/115_Visualiza_Remarks.html
SHOWUDIDS,Visualiza Udids,Indica si en el proceso de reserva se visualizan los campos adicionales de información configurados para el cliente (UDIDS),params/116_Visualiza_Udids.html
SHOWCORPORATEINFO,Visualiza Flujo corporativo,"Indica si en el proceso de reserva se visualizan la información de flujo corporativo, como lista de aprobadores.",params/117_Visualiza_Flujo_corporativo.html
TOLERANCIAHORASPRECIOBAJO,Tolerancia de Horas para otras opciones bajas,Tolerancia en horas para otras opciones de precio más bajo,params/118_Tolerancia_de_Horas_para_otras_opciones_bajas.html
NOTIFICARTODOSAPROBADORES,Notificar todas las acciones de aprobación a todos los aprobadores,Notifica cualquier acción de aprobación a todos los aprobadores asignados en el flujo,params/119_Notificar_todas_las_acciones_de_aprobación_a_todos_los_aprobadores.html
MODIFICARCENTROSCOSTO,Modificar Centro de Costo,"Indica si se puede cambiar el centro de costo seleccionado al reservar, en los datos del flujo corporativo después de reservado, una vez realizada la reserva si esta entidad no cuenta con este parámetro activo, saldrá ese campo bloqueado sin poder editarlo, solo se reflejara de modo informativo.",params/120_Modificar_Centro_de_Costo.html
USARCECOSDEFAULT,Usar el centro de costo por defecto,Al crear los centros de costos en el flujo corporativo es posible asignar un centro de costo por defecto para cada pasajero,params/121_Usar_el_centro_de_costo_por_defecto.html
PROCESOAPROBACIONINTER,Tipo de flujo de aprobación (internacional): PARALELO o Secuencial,"Indica de como se hace el proceso de aprobación (Secuencial, Paralelo o Cualquier) para internacional",params/122_Tipo_de_flujo_de_aprobación_(internacional)_PARALELO_o_Secuencial.html
Mostrar Aprobadores Entidad Padre,Mostrar Aprobadores Entidad Padre,"Al configurar este parámetro con el valor S el sistema reflejara en el listado de aprobadores, los aprobadores que están cargados en la entidad padre.",params/123_Mostrar_Aprobadores_Entidad_Padre.html
Cambiar aprobador después de realizar la,Cambiar aprobador después de realizar la reserva,Indica si se puede cambiar la información de aprobadores después de realizada la reserva,params/124_Cambiar_aprobador_después_de_realizar_la_reserva.html
MODIFICARCENTROCOSTORESERVA,comunicados de cambios en los costos del centro después de la finalización de la reserva,"Indica si se puede modificar los centros de costo por defecto en el proceso de una reserva aérea, si el pasajero tiene unos centros de costo ya definidos, activando este permiso, en el formulario de reserva podrá realizar cambios de los centros de costos.",params/125_comunicados_de_cambios_en_los_costos_del_centro_después_de_la_finaliza.html
MOSTRARPASAJEROSPADRE,Mostrar Pasajeros Entidad Padre,Parámetro para definir si se reflejan los pasajeros que están cargados en la entidad padre,params/126_Mostrar_Pasajeros_Entidad_Padre.html
MOSTRARAPROBCECOSPASAJERO,Mostrar Aprobadores del centro de costo del pasajero,Si el valor del parámetro es (S) muestra solo los aprobadores asociados a los centros de costo a los que pertenezca el pasajero o que tenga acceso,params/127_Mostrar_Aprobadores_del_centro_de_costo_del_pasajero.html
ENVIACORREOAGENTEAPROBADOR,Enviar correo electrónico a aprobador estado del proceso,Indica si se envía el email a los agentes aprobadores,params/128_Enviar_correo_electrónico_a_aprobador_estado_del_proceso.html
CHANGEUDIDS,Se le permite cambiar los campos de dirección después de la reserva,Indica que tipo de usuario puede modificar los campos gerenciales,params/129_Se_le_permite_cambiar_los_campos_de_dirección_después_de_la_reserva.html
OBLIGAJUSTIFICACIONINCUMPLIMIENTO,Requiere justificación del incumplimiento de la política,Obliga a ingresar el motivo de justificación cuando se incumple una política de un servicio.,params/130_Requiere_justificación_del_incumplimiento_de_la_política.html
Cantidad de centros de costos,Cantidad de centros de costos,"Este parámetro permite fijar un número de centros de costos por reserva, debe ir entre un rango de 1 hasta 5 Cecos por reserva.",params/131_Cantidad_de_centros_de_costos.html
SHOWCORPORATEINFOCLIENTE,Mostrar información corporativa al cliente,Indica si se muestra información corporativa al usuario cliente.,params/132_Mostrar_información_corporativa_al_cliente.html
USAFLUJOCORPORATIVOCABINA,Utiliza flujo corporativo por clase,Indica si se utiliza el flujo de aprobación para vuelos por cabina,params/133_Utiliza_flujo_corporativo_por_clase.html
Permite auto aprobar,Permite auto aprobar,"Parámetro para definir si un usuario/pasajero puede aprobar sus mismas reservas, para esto debe estar creado como usuario/pasajero y con el permiso de aprobador.",params/134_Permite_auto_aprobar.html
Hereda CECOS de la entidad Padre,Hereda CECOS de la entidad Padre,Parámetro para definir s en la entidad se deben reflejar los centro de costos que tienen configurados la entidad padre,params/135_Hereda_CECOS_de_la_entidad_Padre.html
Obliga aprobador al reservar,Obliga aprobador al reservar,Este parámetro obliga al solicitante de una reserva a seleccionar un aprobador como mínimo,params/136_Obliga_aprobador_al_reservar.html
Cancelar reserva al rechazar aprobación,Cancelar reserva al rechazar aprobación,"Parámetro el cual en el flujo corporativo cuando un cliente hace una reserva y el aprobador que tiene asociado, por algún motivo rechaza la solicitud, si se tiene este parámetro en “S” el sistema automáticamente también cancela la reserva",params/137_Cancelar_reserva_al_rechazar_aprobación.html
Un mail de aprobacion para dos o mas pro,Un mail de aprobacion para dos o mas productos,"Este parámetro habilita una ventana emergente al momento de realizar una reserva, el cual le informa al cliente que desea hacer.",params/138_Un_mail_de_aprobacion_para_dos_o_mas_productos.html
Flujo de NO cumplimiento de políticas,Flujo de NO cumplimiento de políticas,,params/139_Flujo_de_NO_cumplimiento_de_políticas.html
Flujo de NO cumplimiento de políticas in,Flujo de NO cumplimiento de políticas internacional,"Parámetro para definir si al momento de incumplir una política, el sistema activa un flujo alternativo donde la notificación de aprobación de la reserva llegara a un aprobador de NO cumplimiento y no al aprobador del flujo normal directamente.",params/140_Flujo_de_NO_cumplimiento_de_políticas_internacional.html
Prefijo remark texto Justificacion de in,Prefijo remark texto Justificacion de incumplimiento,En este parámetro se configura el prefijo del remark de la razón de no cumplimiento de la política,params/141_Prefijo_remark_texto_Justificacion_de_incumplimiento.html
Prefijo remark listado Justificación de ,Prefijo remark listado Justificación de incumplimiento,Parámetro para definir el prefijo del remark del listado de la justificación de no cumplimiento que se selecciona cuando se incumple la política.,params/142_Prefijo_remark_listado_Justificación_de_incumplimiento.html
Modificar motivo de viaje después de res,Modificar motivo de viaje después de reservado,"Parámetro para no permitir alterar el motivo de viaje en el retrieve, al configurar en S, el campo de Motivo de viaje se bloquea sin permitir cambio alguno, al configurar “N”, el campo queda activo para poder cambiarlo si hay motivos de viajes asociados en la entidad.",params/143_Modificar_motivo_de_viaje_después_de_reservado.html
Heredar Motivos de Viaje de la Entidad P,Heredar Motivos de Viaje de la Entidad Padre,Parámetro para definir si en la entidad se deben reflejar los motivos de viajes que tiene configurada la entidad padre.,params/144_Heredar_Motivos_de_Viaje_de_la_Entidad_Padre.html
Heredar Campos Gerenciales de la Entidad,Heredar Campos Gerenciales de la Entidad Padre,Parámetro para definir si en la entidad se deben reflejar los campos adicionales (UDIDs) que tiene configurada la entidad padre.,params/145_Heredar_Campos_Gerenciales_de_la_Entidad_Padre.html
Cantidad de aprobadores a visualizar en ,Cantidad de aprobadores a visualizar en el plugin,Parámetro para definir la cantidad secciones de aprobadores en el plugin de lista de aprobadores,params/146_Cantidad_de_aprobadores_a_visualizar_en_el_plugin.html
Ocultar Ver mas en la sección de aprobad,Ocultar Ver mas en la sección de aprobador,Parámetro para definir si se refleja la opción de Ver más en el plugin de lista de aprobadores,params/147_Ocultar_Ver_mas_en_la_sección_de_aprobador.html
Precargar información del solicitante en,Precargar información del solicitante en el formulario del pasajero,Parámetro para definir si en el formulario del viajero se precarga la información del solicitante,params/148_Precargar_información_del_solicitante_en_el_formulario_del_pasajero.html
Indica si maneja aprobacion por niveles,Indica si maneja aprobacion por niveles,"Parámetro para definir si la entidad va a manejar aprobadores por niveles, es decir, que se debe definir cuál es la ubicación de cada aprobador para que en la lista no se repita.",params/149_Indica_si_maneja_aprobacion_por_niveles.html
El flujo de NO cumplimiento se realiza c,El flujo de NO cumplimiento se realiza con todos los aprobadores configurados,,params/150_El_flujo_de_NO_cumplimiento_se_realiza_con_todos_los_aprobadores_confi.html
El flujo de NO cumplimiento internaciona,El flujo de NO cumplimiento internacional se realiza con todos los aprobadores configurados,"Parámetro para definir si al momento de incumplir una política, el sistema activa un flujo alternativo donde la notificación de aprobación de la reserva llegara a todos los aprobadores configurados",params/151_El_flujo_de_NO_cumplimiento_internacional_se_realiza_con_todos_los_apr.html
Indica si debe manejar el flujo de aprob,Indica si debe manejar el flujo de aprobacion de no cumplimiento para ciertos destinos,Parametro para definir si se va a manejar aprobador por destinos especificos,params/152_Indica_si_debe_manejar_el_flujo_de_aprobacion_de_no_cumplimiento_para_.html
Bloquear el cambio del primer aprobador,Bloquear el cambio del primer aprobador,Parametro para definir si se bloquea el primer aprobador y no se permite carmbiar,params/153_Bloquear_el_cambio_del_primer_aprobador.html
No combinar el codigo del cliente del ce,No combinar el codigo del cliente del ceco con la descripción,"Parámetro para definir si en el proceso de reserva en la sección de centros de costo se visualiza el código del centro de costro y la descripción, o solo se visualiza la descripción del centro de costo",params/154_No_combinar_el_codigo_del_cliente_del_ceco_con_la_descripción.html
Mostrar politica como header email,Mostrar politica como header email,Parámetro para definir si se visualiza la sección de políticas en las notificaciones de reserva,params/155_Mostrar_politica_como_header_email.html
Tipo de usuario que puede visualizar el ,Tipo de usuario que puede visualizar el div de politicas de viaje,"Parámetro para definir que tipo de usuario puede visualizar el div o la sección de políticas de viaje en la notificación de las reservas, si el aprobador, el solicitante o el pasajero.",params/156_Tipo_de_usuario_que_puede_visualizar_el_div_de_politicas_de_viaje.html
Entidad maneja google autenticator MFA,Entidad maneja google autenticator MFA,Parámetro para definir si la entidad usa el doble factor de autentificación con Google authenticator,params/157_Entidad_maneja_google_autenticator_MFA.html
Nombre asignado para Google Autenticator,Nombre asignado para Google Autenticator,Parámetro para definir el nombre que se desea visualizar en la aplicación de Google autenticator cuando se hace la vinculación de la cuenta,params/158_Nombre_asignado_para_Google_Autenticator.html
Mostrar botón de crear cliente en la sec,Mostrar botón de crear cliente en la sección de Agencia al reservar,Parametro para habilitar un boton en el formulario de reserva y poder crear clientes a traves de un formulario basico.,params/159_Mostrar_botón_de_crear_cliente_en_la_sección_de_Agencia_al_reservar.html
Maneja link de pago,Maneja link de pago,Parametro para definir si una cuenta va a tener la funcionalidad de link de pago,params/160_Maneja_link_de_pago.html
OCULTARTARIFASETICKET,Ocultar tarifas eTicket,Este parámetro indica si se oculta o no los valores en el  “eticket”,params/161_Ocultar_tarifas_eTicket.html
MOSTRARLISTABROKERSBUSQHOTELES,Mostrar brokers hoteles,Mostrar la lista de proveedores hoteleros en la búsqueda,params/162_Mostrar_brokers_hoteles.html
B2C2_C,Código Markup Hoteles,"En este parámetro se selecciona el valor del Mark Up que se cobrara en los hoteles, aplica para todos los proveedores que se tengan habilitados en la entidad, a excepción de Expedia que ya trae la comisión por hotel.",params/163_Código_Markup_Hoteles.html
Moneda hoteles nacionales,Moneda hoteles nacionales,Parametro para definir la moneda en que se desea que salgan resultados los hoteles nacionales,params/164_Moneda_hoteles_nacionales.html
Moneda hoteles internacionales,Moneda hoteles internacionales,Parametro para definir la moneda en que se desea que salgan resultados los hoteles internacionales,params/165_Moneda_hoteles_internacionales.html
AUTOFILLHOTELPAXFORM,Ingresar nombre de solo el huesped principal,"Parámetro para poder diligenciar la información de los pasajeros de hoteles, requiriendo solo uno.",params/166_Ingresar_nombre_de_solo_el_huesped_principal.html
CONVERTIRMONEDAHOTELESNACIONALES,Cambiar Moneda de Hoteles a la moneda Local,Convierte los resultados de hoteles de la entidad a la moneda local.,params/167_Cambiar_Moneda_de_Hoteles_a_la_moneda_Local.html
MOSTRARHOTELBROKERRESULTADOS,Mostrar broker en los resultados de hoteles,Parámetro para definir si en los resultados de los hoteles se refleja el bróker al que pertenece cada hotel.,params/168_Mostrar_broker_en_los_resultados_de_hoteles.html
B2C2_O,Días a restringir búsqueda de hoteles,Parámetro para poder definir cuantos días puedo bloquear el calendario de los hoteles.,params/169_Días_a_restringir_búsqueda_de_hoteles.html
CANTIDADHOTELESPAGINA,Cantidad de hoteles por pagina,Este parámetro sirve para configurar la cantidad de hoteles que deseamos visualizar en cada página,params/170_Cantidad_de_hoteles_por_pagina.html
USEOLDHOTELDESIGN,Tipo Layout para Hotel,"Tipo de vista para la plantilla de hoteles, si selecciona SI mantendrá la visual básica, si selecciona NO cambia a la nueva vista (aplica según operadores de hoteles)",params/171_Tipo_Layout_para_Hotel.html
HOTELSGDSDEFAULT,Hoteles Amadeus como prioridad,"Marca la búsqueda GDS de hoteles como preferida, aplica por ejemplo para los hoteles Amadeus, que al dar la preferencia siempre estos hoteles del GDS saldrán de primero.",params/172_Hoteles_Amadeus_como_prioridad.html
B2C2_M,Mostrar hoteles no reembolsables,Parámetro para definir si en los resultados de los hoteles se desea mostrar las tarifas no reembolsables,params/173_Mostrar_hoteles_no_reembolsables.html
Proveedores a excluir en la busqueda nac,Proveedores a excluir en la busqueda nacional,Parámetro para definir cuales proveedores se deben excluir en las búsquedas nacionales,params/174_Proveedores_a_excluir_en_la_busqueda_nacional.html
MOSTRARTARIFAS_VOUCHERHOTEL,Mostrar tarifas en confirmación de hotel,Mostrar o no las tarifas en la confirmación de hoteles,params/175_Mostrar_tarifas_en_confirmación_de_hotel.html
Numero habitaciones hotel,Numero habitaciones hotel,"Este parámetro define la cantidad de habitaciones que se deben mostrar en el buscador de hoteles, Si el parámetro no está definido por defecto muestra 5.",params/176_Numero_habitaciones_hotel.html
Numero maximo de adultos por habitación,Numero maximo de adultos por habitación,Parámetro para definir el número máximo de adultos que debe salir en el buscador de hoteles.,params/177_Numero_maximo_de_adultos_por_habitación.html
Numero maximo de niños por habitacion,Numero maximo de niños por habitacion,Parámetro para definir el número máximo de niños que debe salir en el buscador de hoteles.,params/178_Numero_maximo_de_niños_por_habitacion.html
VISUALIZACOMISIONHOTELES,Visualiza comisiones hoteles (expedia),Con este parámetro se puede visualizar el campo comisión en la disponibilidad de hoteles,params/179_Visualiza_comisiones_hoteles_(expedia).html
Visualiza proveedor en el retrieve,Visualiza proveedor en el retrieve,Parámetro para definir si en el retrieve se reflejara el campo del nombre del proveedor,params/180_Visualiza_proveedor_en_el_retrieve.html
Numero adultos por defecto buscador hote,Numero adultos por defecto buscador hotel,Parámetro para definir el número de adultos que saldrán por defecto en la búsqueda de hoteles.,params/181_Numero_adultos_por_defecto_buscador_hotel.html
Permite reservar hoteles no reembolsable,Permite reservar hoteles no reembolsables,"Parámetro para definir si el sistema debe permitir o no, hacer reservas de tarifas no reembolsables.",params/182_Permite_reservar_hoteles_no_reembolsables.html
Visualiza localizador en la confirmacion,Visualiza localizador en la confirmacion de la reserva,Parámetro para definir si el localizador del proveedor del hotel se refleja en la confirmación de la reserva,params/183_Visualiza_localizador_en_la_confirmacion_de_la_reserva.html
Ocultar Markup en Retrieve de Hoteles,Ocultar Markup en Retrieve de Hoteles,Parámetro para ocultar el markup de los hoteles en el retrieve.,params/184_Ocultar_Markup_en_Retrieve_de_Hoteles.html
Activar la busqueda por nombre de hotel,Activar la busqueda por nombre de hotel,Parámetro para activar la búsqueda por nombre de hotel,params/185_Activar_la_busqueda_por_nombre_de_hotel.html
Activar la busqueda por estrellas,Activar la busqueda por estrellas,Parámetro para activar la búsqueda por el número mínimo de estrellas de un hotel,params/186_Activar_la_busqueda_por_estrellas.html
Edad máxima considerada para un niño,Edad máxima considerada para un niño,"Parámetro para definir en el buscador de hoteles, cual es la edad máxima para un niño",params/187_Edad_máxima_considerada_para_un_niño.html
Diferencia de dias buscador hoteles,Diferencia de dias buscador hoteles,Parametro para definir la diferencia que saldrá por defecto entre la fecha inicial y la fecha final (Check in y Check out),params/188_Diferencia_de_dias_buscador_hoteles.html
Ocultar filtro precio en los resultados ,Ocultar filtro precio en los resultados de hoteles,Parámetro para ocultar el filtro de precio en los resultados de hoteles,params/189_Ocultar_filtro_precio_en_los_resultados_de_hoteles.html
Ocultar filtro estrellas en los resultad,Ocultar filtro estrellas en los resultados de hoteles,Parámetro para ocultar el filtro de estrellas (Categoría) en los resultados de hoteles,params/190_Ocultar_filtro_estrellas_en_los_resultados_de_hoteles.html
Ocultar filtro de cadenas hoteleras en l,Ocultar filtro de cadenas hoteleras en los resultados de hoteles,Parámetro para ocultar el filtro de cadenas hoteleras en los resultados de hoteles,params/191_Ocultar_filtro_de_cadenas_hoteleras_en_los_resultados_de_hoteles.html
Ocultar filtro zonas en los resultados d,Ocultar filtro zonas en los resultados de hoteles,Parámetro para ocultar el filtro de Zonas en los resultados de hoteles,params/192_Ocultar_filtro_zonas_en_los_resultados_de_hoteles.html
Ocultar filtro de alimentación en los re,Ocultar filtro de alimentación en los resultados de hoteles,Parámetro para ocultar el filtro de alimentación en los resultados de hoteles,params/193_Ocultar_filtro_de_alimentación_en_los_resultados_de_hoteles.html
Ocultar filtro oferta especial en los re,Ocultar filtro oferta especial en los resultados de hoteles,Parámetro para ocultar el filtro de oferta especial en los resultados de hoteles,params/194_Ocultar_filtro_oferta_especial_en_los_resultados_de_hoteles.html
REJECTANDCANCELHOTEL,Anular reserva del hotel al rechazar aprobacion,Parámetro para definir si se anula una reserva de hotel de forma automática cuando es rechazada la solicitud por parte del aprobador,params/195_Anular_reserva_del_hotel_al_rechazar_aprobacion.html
Mostrar detalle del error del hotel,Mostrar detalle del error del hotel,Parámetro para visualizar el detalle del error generado al intentar hacer una reserva de un hotel,params/196_Mostrar_detalle_del_error_del_hotel.html
Usar mapping hoteles v2,Usar mapping hoteles v2,Parámetro para indicar se usa la versión nueva del mapping para busqueda de hoteles,params/197_Usar_mapping_hoteles_v2.html
Mostrar lista desplegable para configura,Mostrar lista desplegable para configurar el mark up adicional,Parámetro para definir si se visualiza una lista desplegable en el buscador de hoteles para poder seleccionar el mark adicional,params/198_Mostrar_lista_desplegable_para_configurar_el_mark_up_adicional.html
Valor minimo de Mark up en lista de mark,Valor minimo de Mark up en lista de mark up adicional,"Parámetro para definir cual es el valor de porcentaje mínimo que se dejara elegir y es a partir de ese valor que podrá elegir el usuario, es decir, si se configura 5 la lista va de 5 a 25 valores, teniendo en cuenta que la lista cuenta con 20 opciones de markup",params/199_Valor_minimo_de_Mark_up_en_lista_de_mark_up_adicional.html
EMAILLOGACCION,Envío por correo electrónico de las acciones del sistema de flujo de trabajo,Las direcciones de correos aquí ingresados recibirán notificación de cada acción realizada en la entidad.,params/200_Envío_por_correo_electrónico_de_las_acciones_del_sistema_de_flujo_de_t.html
DIRDEFAULTPAX,Default Dirección de Agencia,"Asignara por defecto la dirección ingresada a la agencia para todos los pasajeros, esta información se verá reflejada en los datos del viajero en el campo de dirección residencia.",params/201_Default_Dirección_de_Agencia.html
PAISDEFAULTPAX,Default País da Agencia,"Parámetro para definir un país por defecto del pasajero, de igual manera si el país del viajero es diferente se puede cambiar, no es un parámetro restrictivo.",params/202_Default_País_da_Agencia.html
CIUDDEFAULTPAX,Default Ciudad de Agencia,"Parámetro para definir una ciudad por defecto del pasajero, de igual manera si la ciudad del viajero es diferente se puede cambiar, no es un parámetro restrictivo.",params/203_Default_Ciudad_de_Agencia.html
NACIDEFAULTPAX,Default Nacionalidade da Agencia,"Parámetro para definir una nacionalidad por defecto al intentar generar una reserva aérea, de igual manera si la nacionalidad del viajero es diferente se puede cambiar, no es un parámetro restrictivo.",params/204_Default_Nacionalidade_da_Agencia.html
REEMPLAZAREMAILPAXPOREMAILASESOR,Reemplazar E-Mail pasajero,Este parámetro permite cambiar el mail del pasajero por el del asesor de la agencia al momento de realizar una reserva en xnet.,params/205_Reemplazar_E-Mail_pasajero.html
PAISESCOMODESTINONACIONAL,Los países considerados como destino nacional,"Parámetro para definir la lista de países considerados como destino nacional, se debe configurar el código ISO de cada país separado por coma o punto y coma",params/206_Los_países_considerados_como_destino_nacional.html
ADICIONACODIGOEMISORCOMOREMARK,Adicionar codigo de emisor como remark,Este parámetro permite adicionar el código de emisor como remark al PNR al reservar o emitir.,params/207_Adicionar_codigo_de_emisor_como_remark.html
HORALIMITEEMISION,Hora límite de emisión por defecto HH:MM (Formato 24 Horas),En este campo se debe cargar la hora límite de emisión que se reflejara al momento de realizar la reserva de un vuelo.,params/208_Hora_límite_de_emisión_por_defecto_HHMM_(Formato_24_Horas).html
RECORDARULTIMACONSULTA,Recordar ultimos parametros consulta,"Este parámetro permite recordar la última consulta realizada en el buscador de Vuelos, Hoteles y autos",params/209_Recordar_ultimos_parametros_consulta.html
INCLUIRREGLASVUELOSETICKET,Incluir reglas de vuelos en Eticket,Indica si incluye el texto de las reglas de vuelo en el E-ticket,params/210_Incluir_reglas_de_vuelos_en_Eticket.html
OBLIGANOMBRECONTACTORESERVA,Nombre de contacto obligatorio,Este campo obliga el ingreso del nombre del contacto en la reserva,params/211_Nombre_de_contacto_obligatorio.html
ALTERAREMAILUSUARIO,Permitir cambio de email usuario,Indica si solo permite el cambio del email del usuario con S o N,params/212_Permitir_cambio_de_email_usuario.html
REQUIERECPFPASAJERO,Identificación de usuario obligatorio,Indica si la identificación del viajero sea obligatoria para todas las reservas,params/213_Identificación_de_usuario_obligatorio.html
PAGOFEEUSANDOPASARELA,Pago de fee usando pasarela de pago,Indica si el Fee puede ser pagado usando pasarela de pagos,params/214_Pago_de_fee_usando_pasarela_de_pago.html
ENVIAAGENDAEMISION,Agregue su viaje (vuelos) en Google Calendar o Outlook,Agrega automáticamente en su calendario un recordatorio,params/215_Agregue_su_viaje_(vuelos)_en_Google_Calendar_o_Outlook.html
MOSTRARVALORDISCRIMINADO,Mostrar valor indicado en la disponibilidad o al valor total,Indica si en una reserva para varios pasajeros se muestra el valor del boleto discriminado para cada uno o el valor total de todos,params/216_Mostrar_valor_indicado_en_la_disponibilidad_o_al_valor_total.html
PERMITECLIENTECAMBIARCLAVE,Permite Cambiar Clave Cliente,Si el valor del parámetro es (N) no permite cambiar contraseña si son Tipo usuarios (C) clientes.,params/217_Permite_Cambiar_Clave_Cliente.html
PERMITEACTUALIZARPERFILCLIENTE,Permite Actualizar Perfil Cliente,Indica si el usuario/pasajero puede actualizar su información.,params/218_Permite_Actualizar_Perfil_Cliente.html
VISUALIZARETRIEVEJERARQUIA,Ver reserva sólo su jerarquía,"Parámetro para definir si se permite visualizar una reserva de hotel o de autos haciendo retrieve, se debe tener en cuenta los siguientes valores ya que de acuerdo a su configuración, se reflejaran reservas de otras entidades que no pertenezcan al árbol o a la entidad correspondiente, depende de la ",params/219_Ver_reserva_sólo_su_jerarquía.html
Diferencia de dias buscador Tickets,Diferencia de dias buscador Tickets,Parametro para definir la diferencia de dias entre la fecha inicial y la fecha final que sale en el buscador de Tickets,params/220_Diferencia_de_dias_buscador_Tickets.html
HEREDARCONEXIONESENTIDADESPADRE,Hereda conexiones entidades padres,"Indica si la entidad hereda las conexiones de la entidad Padre, al seleccionar “Si” la entidad toma las conexiones configuradas en la entidad padre, si selecciona “No” el sistema no toma dichas conexiones y se deber asignarle dichas conexiones a la entidad para que se puedan realizar búsquedas.",params/221_Hereda_conexiones_entidades_padres.html
SOLOHEREDACONEXIONESNIVELPADRE,Solo hereda conexiones del padre,"Indica si la entidad hereda las solo las conexiones de la entidad superior en jerarquía, y no del Padre principal",params/222_Solo_hereda_conexiones_del_padre.html
USATOURCODEBASICO,Usa Tourcode Basico,"Este parámetro indica si la entidad utiliza Tour Code básico y comisión, para que se refleje el tour code y la comisión configurada en la entidad, es necesario tener cargado este parámetro con valor “Si” de lo contrario no se reflejara dicha comisión al momento de emitir el tiquete.",params/223_Usa_Tourcode_Basico.html
Filtros lista de reservas,Filtros lista de reservas,Parámetro para definir cuáles son las opciones por defecto que saldrán una vez se ingrese al módulo de reservas,params/224_Filtros_lista_de_reservas.html
Mostrar información adicional en listado,Mostrar información adicional en listado de reservas,Parámetro para mostrar información adicional en el módulo de reservas,params/225_Mostrar_información_adicional_en_listado_de_reservas.html
Mostrar seccion de adjuntos,Mostrar seccion de adjuntos,Parámetro para definir se si se refleja la sección para adjuntar archivos en el proceso de la reserva aérea.,params/226_Mostrar_seccion_de_adjuntos.html
Obliga Adjuntos,Obliga Adjuntos,Parámetro para definir si es obligatorio adjuntar un archivo en la reserva que se está realizando,params/227_Obliga_Adjuntos.html
Máximo número de adjuntos,Máximo número de adjuntos,Parámetro para definir el número máximo de adjunto que se pueden cargar en la reserva.,params/228_Máximo_número_de_adjuntos.html
Proveedor del chat,Proveedor del chat,"Parámetro para indicar cuál es el proveedor del chat que se va a configurar, actualmente está disponible el chat de Zopim.",params/229_Proveedor_del_chat.html
Llave proveedor chat,Llave proveedor chat,"Parámetro para configurar la llave del chat, dicha llave se debe sacar directamente de la página del proveedor del chat, ver imagen a continuación:",params/230_Llave_proveedor_chat.html
Ocultar TRM IATA,Ocultar TRM IATA,Parámetro para definir si se refleja el cambio IATA en el encabezado,params/231_Ocultar_TRM_IATA.html
Seleccionar los tipos de pasajero en el ,Seleccionar los tipos de pasajero en el buscador,Parámetro para definir cuáles son los tipos de pasajeros que se reflejaran en el buscador  aéreo y de hoteles,params/232_Seleccionar_los_tipos_de_pasajero_en_el_buscador.html
Ocultar envio de cotizaciones,Ocultar envio de cotizaciones,"Parámetro para ocultar la opción de enviar cotización, aplicar para todos los servicios de la OBT.",params/233_Ocultar_envio_de_cotizaciones.html
Replicar parámetros de búsqueda,Replicar parámetros de búsqueda,"Parámetro para definir si al realizar una búsqueda en un servicio, esos mismos parámetros se replican para los demás",params/234_Replicar_parámetros_de_búsqueda.html
Mostrar opción cotización,Mostrar opción cotización,Parámetro para definir qué tipo de usuario puede reflejar la opción de enviar cotizaciones,params/235_Mostrar_opción_cotización.html
Mostrar información Adicional del Pasaje,Mostrar información Adicional del Pasajero en la confirmación de reserva y eTicket,Parámetro para reflejar información adicional en la confirmación de reserva y eticket,params/236_Mostrar_información_Adicional_del_Pasajero_en_la_confirmación_de_reser.html
Inactivar usuario al pasar 90 días sin l,Inactivar usuario al pasar 90 días sin loguearse,"Parámetro el cual Inactiva el usuario cuando lleva 90 días sin ingresar en el sistema,",params/237_Inactivar_usuario_al_pasar_90_días_sin_loguearse.html
Permitir que se adicionen otras reservas,Permitir que se adicionen otras reservas en un localizador Aprobado/Emitido,Parámetro para permitir adicionar otras reservas a un localizador ya aprobado y/o emitido.,params/238_Permitir_que_se_adicionen_otras_reservas_en_un_localizador_AprobadoEmi.html
Ocultar los formularios del BackOffice,Ocultar los formularios del BackOffice,Parámetro para definir si se reflejan o no los campos de Backoffice en el formulario entidades que se encuentra en el Backend,params/239_Ocultar_los_formularios_del_BackOffice.html
Ocultar viaticos en el Backend,Ocultar viaticos en el Backend,Parámetro para definir si se reflejan o no los campos de Viaticos en el formulario de entidades que se encuentra en el Backend,params/240_Ocultar_viaticos_en_el_Backend.html
Dias habiles para realizar una solicitud,Dias habiles para realizar una solicitud aerea Nacional,"Parámetro para definir cuáles son los días que se habilitaran para poder hacer solicitudes nacionales, este parámetro aplica para búsquedas aéreas y los servicios de solicitudes offline",params/241_Dias_habiles_para_realizar_una_solicitud_aerea_Nacional.html
Mostrar sección de historico al cliente,Mostrar sección de historico al cliente,"Parámetro para definir si en el retrieve se refleja el histórico para los usuarios tipo cliente, por defecto el sistema solo visualiza el histórico para los usuarios tipo agente de viajes.",params/242_Mostrar_sección_de_historico_al_cliente.html
Permitir editar campo email en el perfil,Permitir editar campo email en el perfil del pasajero,Parámetro para definir si en la sección del perfil del pasajero se puede modificar el campo de email.,params/243_Permitir_editar_campo_email_en_el_perfil_del_pasajero.html
Puede editar los centros de costos en el,Puede editar los centros de costos en el perfil del pasajero,Parámetro para definir se si se puede editar el centro de costo en el perfil del pasajero,params/244_Puede_editar_los_centros_de_costos_en_el_perfil_del_pasajero.html
Numero de días por defecto en la lista d,Numero de días por defecto en la lista de reservas,Parámetro para definir el número de días por defecto en la lista de reservas,params/245_Numero_de_días_por_defecto_en_la_lista_de_reservas.html
Ocultar marcacion de sillas,Ocultar marcacion de sillas,Parámetro que permite ocultar mapa para la marcación de sillas,params/246_Ocultar_marcacion_de_sillas.html
Mostrar documento en el retrieve hoteles,Mostrar documento en el retrieve hoteles producto propio,Parámetro para definir si se refleja el tipo y el número de documento del huésped en el retrieve de la reserva de hoteles producto propio,params/247_Mostrar_documento_en_el_retrieve_hoteles_producto_propio.html
No heredar politicas de la entidad padre,No heredar politicas de la entidad padre,Parámetro para definir si se heredan las políticas de viaje de la entidad padre,params/248_No_heredar_politicas_de_la_entidad_padre.html
Porcentaje iva tarifa administrativa,Porcentaje iva tarifa administrativa,Parámetro para definir si se visualiza el IVA de la tarifa administrativa o fee en el proceso de reserva,params/249_Porcentaje_iva_tarifa_administrativa.html
Ocultar columna total tasas al tarifar y,Ocultar columna total tasas al tarifar y retrieve,Parámetro para ocultar la columna de total tasas en Tarifación y Retrieve.,params/250_Ocultar_columna_total_tasas_al_tarifar_y_retrieve.html
Ocultar opcion para ver detalle de impue,Ocultar opcion para ver detalle de impuestos,Parámetro para ocultar la opción para visualizar el detalle de los impuestos,params/251_Ocultar_opcion_para_ver_detalle_de_impuestos.html
Seccion aprobadores colapsado por defect,Seccion aprobadores colapsado por defecto,Parámetro para permitir que la sección de los aprobadores salga desplegada por defecto.,params/252_Seccion_aprobadores_colapsado_por_defecto.html
MANEJASERVICIOSOFFLINE,Offline,Este parámetro indica si la agencia maneja servicios offline,params/253_Offline.html
FLUJOOFFLINEAGENTE,FLUJOOFFLINEAGENTE,Indica si se usa el flujo alternativo para el usuario agente en el offline,params/254_FLUJOOFFLINEAGENTE.html
Ocultar vuelos en el buscador Offline,Ocultar vuelos en el buscador Offline,Parametro para ocultar o visualizar la opcion para pedir solicitudes de vuelos a traves del buscador offline,params/255_Ocultar_vuelos_en_el_buscador_Offline.html
Usar modo hotel offline básico en offlin,Usar modo hotel offline básico en offline,Parametro para definir si se cambia el modo de selección de los hoteles al realizar solicitudes de hoteles en el modulo offline,params/256_Usar_modo_hotel_offline_básico_en_offline.html
Ver información adicional en offline,Ver información adicional en offline,Parametro para habilitar la seccion de informacion complementaria en las solicitudes offline,params/257_Ver_información_adicional_en_offline.html
Número de Hoteles Offline Obligatorios,Número de Hoteles Offline Obligatorios,Parametro para definir la cantidad de hoteles que deben ser obligatorios para poder realizar la solicitud,params/258_Número_de_Hoteles_Offline_Obligatorios.html
Días antes para solicitar servicio offli,Días antes para solicitar servicio offline,Parametro para definir cuantos dias a partir de la fecha actual no debe permitir realizar una solicitud offline,params/259_Días_antes_para_solicitar_servicio_offline.html
Ocultar autos en el buscador Offline,Ocultar autos en el buscador Offline,Parametro para ocultar o visualizar la opcion para pedir solicitudes de autos a traves del buscador offline,params/260_Ocultar_autos_en_el_buscador_Offline.html
Componente transporte independiente,Componente transporte independiente,Parametro para definir si la entidad va a utilizar el componente de transporte como producto independiente,params/261_Componente_transporte_independiente.html
Cantidad de hoteles a mostrar en sección,Cantidad de hoteles a mostrar en sección hoteles offline,Parametro para definir la cantidad de campos de hoteles a mostrar en la seccion de hoteles offline.,params/262_Cantidad_de_hoteles_a_mostrar_en_sección_hoteles_offline.html
Ocultar opcion compartir habitacion en h,Ocultar opcion compartir habitacion en hoteles offline,Parametro para ocultar la opcion de compartir habitacion en el plugin de solicitud de hoteles offline,params/263_Ocultar_opcion_compartir_habitacion_en_hoteles_offline.html
Opciones hoteles offline,Opciones hoteles offline,Parametro para Definir que opciones deben aparecer en plugin de hotel offline.,params/264_Opciones_hoteles_offline.html
Cambiar las horas en buscador offline po,Cambiar las horas en buscador offline por Mañana Tarde Noche,Parámetro para definir si se cambian los valores del campo de horas a mañana tarde y noche.,params/265_Cambiar_las_horas_en_buscador_offline_por_Mañana_Tarde_Noche.html
PAGOCASHAEROLINEACORPORATIVO,Aerolíneas con pago en Cash / Efectivo,"Parámetro para definir las aerolíneas en las que al emitir debe ser en cash, esto aplica para la emisión automática.",params/266_Aerolíneas_con_pago_en_Cash_Efectivo.html
Bloquear formulario tarjeta de crédito,Bloquear formulario tarjeta de crédito,Parámetro para definir si se bloquea los campos del formulario de tarjeta de crédito al momento de pagar cuando ya se tiene configurada una TC,params/267_Bloquear_formulario_tarjeta_de_crédito.html
MONEDABUSQUEDA,Tipo Moneda para buscar Hoteles y Carros,Moneda para búsqueda de autos y hoteles,params/268_Tipo_Moneda_para_buscar_Hoteles_y_Carros.html
INFOVOUCHERDEFAULT,Default INFO Eticket (Informacion tiquete),Texto con información adicional en el E-ticket o Voucher,params/269_Default_INFO_Eticket_(Informacion_tiquete).html
REMARKCECO,Remark Centro de Costo,Parámetro para identificar los centros de costos en el PNR de la reserva.,params/270_Remark_Centro_de_Costo.html
REMARKMAXIMA,Remark Tarifa Maxima,Parámetro para identificar el remark de la tarifa mínima en el PNR de la reserva,params/271_Remark_Tarifa_Maxima.html
REMARKMINIMO,Remark Tarifa Minima,Parámetro para identificar la tarifa mínima en el PNR de la reserva,params/272_Remark_Tarifa_Minima.html
REMARKMOTIVOVIAJE,Remark Motivo Viaje,Este parámetro sirve para identificar el remark del motivo de viaje en el PNR de la reserva,params/273_Remark_Motivo_Viaje.html
PASARELAPAGOINSURANCE,Nombre pasarela de pago para Seguros,Parámetro donde se configura el nombre de la pasarela de pago que será utilizada al momento de reservar una asistencia medica,params/274_Nombre_pasarela_de_pago_para_Seguros.html
OPCIONPAGOINSURANCE,Permite forma de pago en Asistencia,Parámetro para definir si el servicio de asistencia médica permite pago en línea,params/275_Permite_forma_de_pago_en_Asistencia.html
MAXGROUPINSURANCEISSUED,Numero maximo de viajero a emitir Asistencias,Parámetro para definir el número máximo que procesara el web services de seguros en la emisión.,params/276_Numero_maximo_de_viajero_a_emitir_Asistencias.html
INSURANCERESERVAVUELO,Sugiere asistencia al reservar vuelos,"Parámetro el cual, al estar activo, permite en el proceso de la reserva aérea, sugerir una tarjeta de asistencia, este parámetro va ligado al parámetro CODIGOINSURANCEVUELO ya que este define cual producto va a salir como sugerencia.",params/277_Sugiere_asistencia_al_reservar_vuelos.html
CODIGOINSURANCEVUELO,Codigo de asistencia a sugerir en vuelos,"Parámetro para definir el código del producto de la asistencia médica que se reflejara en la sugerencia del flujo de vuelos, (5A, 5B, 5C, 5D … etc) cada producto de assist card tiene unas coberturas y unas características diferentes.",params/278_Codigo_de_asistencia_a_sugerir_en_vuelos.html
HACERPAGOMONEDALOCAL,Tarifar en moneda local los Seguros de viaje,"Parámetro para definir con que moneda se registrara el pago de la asistencia médica, al seleccionar Si, el pago que se registra en la pasarela de pago será en la moneda local, al seleccionar No, tomara el valor original de compra en la moneda registrada.",params/279_Tarifar_en_moneda_local_los_Seguros_de_viaje.html
Marcar por defecto seguro en vuelos,Marcar por defecto seguro en vuelos,Parámetro para determinar que el seguro vaya seleccionado por defecto en el proceso de la reserva aérea,params/280_Marcar_por_defecto_seguro_en_vuelos.html
GRUPOFEE,Grupo Fee,"Nombre del grupo Fee asignado a la entidad, en este campo se debe configurar el nombre del grupo del fee creado por el admin, esto con el fin de que la entidad tome la configuración del fee de dicho grupo",params/281_Grupo_Fee.html
Indica si la entidad posee hoteles offli,Indica si la entidad posee hoteles offline,Parámetro utilizado para definir si la entidad va a utilizar hoteles offline.,params/282_Indica_si_la_entidad_posee_hoteles_offline.html
Bloquea la búsqueda de pasajeros en el b,Bloquea la búsqueda de pasajeros en el buscador de vuelos,"Restringe en el buscador de vuelos la búsqueda con varios pasajeros, dejando por defecto solo un adulto (Oculta lista de Niños y Bebes).",params/283_Bloquea_la_búsqueda_de_pasajeros_en_el_buscador_de_vuelos.html
REMARKFLIGHTMILESSABRE,REMARKFLIGHTMILESSABRE,{MILES} Prefijo remark para capturar información de millas voladas en Sabre,params/284_REMARKFLIGHTMILESSABRE.html
ADVERTENCIAHOTELESOFFLINE,ADVERTENCIAHOTELESOFFLINE,Parámetro para definir si se visualiza una advertencia en el flujo de hoteles Offline,params/285_ADVERTENCIAHOTELESOFFLINE.html
AGREGARCODEMPRESABACKOFFICEENGDS,AGREGARCODEMPRESABACKOFFICEENGDS,Parámetro para agregar el código de la empresa del BackOffice al PNR de respectivo GDS,params/286_AGREGARCODEMPRESABACKOFFICEENGDS.html
ALTERARPTCVUELOS,ALTERARPTCVUELOS,"Parámetro para habilitar en el buscador de vuelos los campos de PTC por pasajero, en dichos campos se deben configurar de forma manual los códigos que aplican para cada pasajero.",params/287_ALTERARPTCVUELOS.html
ALTERFEEVALUESINQUOTATIONS,ALTERFEEVALUESINQUOTATIONS,"Parámetro para definir si en el formulario de cotización de vuelos, se visualizan los campos para editar el fee, los impuestos y las tarifas.",params/288_ALTERFEEVALUESINQUOTATIONS.html
APROBADORESLISTAXCECO,APROBADORESLISTAXCECO,Parámetro para indicar si se maneja aprobadores especifico por Ceco o Pasajero,params/289_APROBADORESLISTAXCECO.html
AMADEUSHOTELSCORPCODES,AMADEUSHOTELSCORPCODES,"Parámetro configurar el código corporativo, generalmente compuesto de tres caracteres. Para usar más de un código se debe separar los códigos por coma “,”.",params/290_AMADEUSHOTELSCORPCODES.html
ARCHIVOCONFIGFAMILIAS,ARCHIVOCONFIGFAMILIAS,Parámetro para configurar el nombre del archivo de familias,params/291_ARCHIVOCONFIGFAMILIAS.html
BACKOFFICEEXPORTCAMPOSHOTELES,BACKOFFICEEXPORTCAMPOSHOTELES,Este parámetro es usado para la exportación del backoffice y particularmente para enviar lo campos dinámicos del tarifador asociados a hoteles como UDIDS.,params/292_BACKOFFICEEXPORTCAMPOSHOTELES.html
BRANDEDFARESEXCLUIDAS,BRANDEDFARESEXCLUIDAS,"Parámetro para excluir familias o branded fares en la cotización realizada, solo aplica para Sabre.",params/293_BRANDEDFARESEXCLUIDAS.html
CIASAUTOSBUSQUEDA,CIASAUTOSBUSQUEDA,"Códigos de las compañías de autos para búsquedas, es necesario en este campo cargar el código de la rentadora para que salga en xnet al realizar la búsqueda de autos.",params/294_CIASAUTOSBUSQUEDA.html
CIASAUTOSBUSQUEDA_CARS_AMADEUS_WS,CIASAUTOSBUSQUEDA_CARS_AMADEUS_WS,Parámetro para definir las rentadoras que se necesitan que salga en Xnet en la integración que se tiene con Amadeus.,params/295_CIASAUTOSBUSQUEDA_CARS_AMADEUS_WS.html
CIASAUTOSBUSQUEDA_CARS_AGENTCARS,CIASAUTOSBUSQUEDA_CARS_AGENTCARS,Parámetro para definir cuales rentadoras quiero que salgan en la integración que se tiene con AgentCars,params/296_CIASAUTOSBUSQUEDA_CARS_AGENTCARS.html
CIASFAMILIASTARIFARIAS,CIASFAMILIASTARIFARIAS,Parámetro para configurar las aerolíneas con que se desea que arroje resultados en la entidad cuando se hace una búsqueda por familia tarifaria.,params/297_CIASFAMILIASTARIFARIAS.html
COLARESERVAAMADEUSWS,COLARESERVAAMADEUSWS,Parámetro para definir en qué cola va a caer las reservas aéreas de Amadeus que se generan en Xnet,params/298_COLARESERVAAMADEUSWS.html
COLARESERVASABRE,COLARESERVASABRE,Parámetro para definir en qué cola o Queue van a caer las reservas aéreas de Sabre que se generan en Xnet.,params/299_COLARESERVASABRE.html
COLAFLUJOAPROBADOAMADEUSWS,COLAFLUJOAPROBADOAMADEUSWS,Parámetro para definir la cola y la categoría donde se envían las reservas aprobadas (GDS Amadeus),params/300_COLAFLUJOAPROBADOAMADEUSWS.html
COLAFLUJOAPROBADOSABRE,COLAFLUJOAPROBADOSABRE,Parámetro para definir la cola y la categoría donde se envían las reservas aprobadas (GDS Sabre),params/301_COLAFLUJOAPROBADOSABRE.html
CODIGOENVIOSENALES,CODIGOENVIOSENALES,Contiene el código de la señal que realizará los diferentes procesos de envío de información al backoffice de la agencia.,params/302_CODIGOENVIOSENALES.html
EMAILFROMDEFAULT,EMAILFROMDEFAULT,Email por defecto que aparece como remitente en los correos de notificación,params/303_EMAILFROMDEFAULT.html
ENVIARRECORDATORIO,ENVIARRECORDATORIO,"Indica si se envía recordatorios de reservas pendientes, al configurar este parámetro en S, en la parte superior del sistema se habilitaran 2 links “Aprobación pendiente” y “Emisión Pendiente”",params/304_ENVIARRECORDATORIO.html
ENVIARTODOSMAILFLUJOCUALQUIERA,ENVIARTODOSMAILFLUJOCUALQUIERA,"Indica si se envía el email a todos los aprobadores del flujo, si está en S, el flujo de aprobación cualquiera funciona como hasta ahora, es decir, se envía el email a todos los aprobadores.",params/305_ENVIARTODOSMAILFLUJOCUALQUIERA.html
EMITIRALAPROBAR,EMITIRALAPROBAR,"Este parámetro permite emitir una reserva automáticamente, una vez dicha reserva aérea es aprobada. Al configurar este parámetro también se debe tener en cuenta con que forma de pago se va a emitir el tiquete, para eso se debe configurar el parámetro FORMAPAGOCLIENTECORPORATIVO",params/306_EMITIRALAPROBAR.html
EXCLUIRTASASAMADEUS,EXCLUIRTASASAMADEUS,"Se crea parámetro para excluir las tasas en amadeus como parámetro por cia aérea EXCLUIRTASASAMADEUS se debe registrar en parejas ordenadas separadas por ; o ,",params/307_EXCLUIRTASASAMADEUS.html
ENVIARFEEBACKOFFICE,ENVIARFEEBACKOFFICE,Parámetro para definir si se envia el fee (Tarifa administrativa) en el Json que se genera de la exportación al backoffice de la agencia,params/308_ENVIARFEEBACKOFFICE.html
FAMILIATARIFARIAINTERNACIONAL,FAMILIATARIFARIAINTERNACIONAL,Indica si se muestra o no le botón de búsqueda por familia tarifaria para búsquedas de destino internacional en vuelos,params/309_FAMILIATARIFARIAINTERNACIONAL.html
FORMAPAGOCLIENTECORPORATIVO,FORMAPAGOCLIENTECORPORATIVO,Parámetro para indicar la forma de pago que el cliente corporativo va a manejar para la emisión automática.,params/310_FORMAPAGOCLIENTECORPORATIVO.html
HORAPLAZOEMISIONBOLETO,HORAPLAZOEMISIONBOLETO,Parámetro para definir la hora del plazo límite de emisión para el mismo día,params/311_HORAPLAZOEMISIONBOLETO.html
HOTEL_GUARANTEE_DEFAULT_AMADEUS,HOTEL_GUARANTEE_DEFAULT_AMADEUS,"Este parámetro de configuración permite indicarle al sistema la garantía que va a asumir en caso de que el web service no provea esta información, dicho autoselección es validada en la etapa de pre-reserva y puede no ser aceptada por el hotel.",params/312_HOTEL_GUARANTEE_DEFAULT_AMADEUS.html
HOTEL_GUARANTEE_OPTIONS,HOTEL_GUARANTEE_OPTIONS,"Este parámetro de configuración permite indicarle al sistema los tipos de garantía que pueden ser usados por el usuario, si se requiere ingresar más de uno se deben separar por “;” y se puede usar el comodín “*” para indicar que se aceptan todos.",params/313_HOTEL_GUARANTEE_OPTIONS.html
HOTEL_GUARANTEE_TYPEOPTIONS,HOTEL_GUARANTEE_TYPEOPTIONS,"Este parámetro de configuración permite indicarle al sistema los tipos de categorías de garantía que pueden ser usados por el usuario, si se requiere ingresar más de uno se deben separar por “;” y se puede usar el comodín (*) para indicar que se aceptan todos.",params/314_HOTEL_GUARANTEE_TYPEOPTIONS.html
HOTEL_PAYMENT_OPTIONS,HOTEL_PAYMENT_OPTIONS,"Mediante estas opciones le indicaremos al sistema los tipos de pago que pueden ser usados por el usuario en la entidad, si se requiere ingresar más de una se deben separar por “;” y se puede usar el comodín asterisco (*) para indicar que se aceptan todos.",params/315_HOTEL_PAYMENT_OPTIONS.html
HOTELAMADEUSFORCECORPORATEFILTER,HOTELAMADEUSFORCECORPORATEFILTER,"Se da el caso en que los clientes solo quieren ver la disponibilidad de sus tarifas negociadas excluyendo otro tipo de tarifa y hoteles diferentes a los negociados por ellos, el cual en el resultado de la consulta filtrará solo los hoteles con los que el cliente tenga el acuerdo corporativo.",params/316_HOTELAMADEUSFORCECORPORATEFILTER.html
HOTELAMADEUSPUBLICRATES,HOTELAMADEUSPUBLICRATES,Indica cuales son los códigos a usar en amadeus como tarifas públicas,params/317_HOTELAMADEUSPUBLICRATES.html
HOTELFORCEAMADEUSCORPCODE,HOTELFORCEAMADEUSCORPCODE,El parámetro de configuración permite que el sistema efectué la búsqueda de Hoteles haciendo uso del código corporativo que maneja el cliente.,params/318_HOTELFORCEAMADEUSCORPCODE.html
INFOGENERALVUELOSETICKET,INFOGENERALVUELOSETICKET,,params/319_INFOGENERALVUELOSETICKET.html
INFOGENERALHOTELETICKET,INFOGENERALHOTELETICKET,,params/320_INFOGENERALHOTELETICKET.html
INFOGENERALAUTOETICKET,INFOGENERALAUTOETICKET,,params/321_INFOGENERALAUTOETICKET.html
INFOGENERALSEGUROETICKET,INFOGENERALSEGUROETICKET,,params/322_INFOGENERALSEGUROETICKET.html
INFOGENERALPAQUETEETICKET,INFOGENERALPAQUETEETICKET,"Parámetros para definir la información general que va en el voucher, ver imagen a continuación:",params/323_INFOGENERALPAQUETEETICKET.html
LOCKITEMS,LOCKITEMS,"Parámetro para bloquear los campos del buscador de vuelos, al configurar el parámetro con valor S, el sistema bloquea los campos, ver imagen a continuación.",params/324_LOCKITEMS.html
LISTCOLADICIONALESAUTOCOMPLETAR,LISTCOLADICIONALESAUTOCOMPLETAR,Parámetro para reflejar más información acerca del pasajero en el autocompletar,params/325_LISTCOLADICIONALESAUTOCOMPLETAR.html
MAILRESULTADOTRANSACCION,MAILRESULTADOTRANSACCION,"Parámetro para configurar la lista de mails separados por coma (,) donde se envía el resumen resultado de la transacción con TC",params/326_MAILRESULTADOTRANSACCION.html
MAILVOUCHERTRANSACCION,MAILVOUCHERTRANSACCION,"Parámetro para configurar la lista de mails separados por coma (,) donde se envía el voucher de la transacción con TC.",params/327_MAILVOUCHERTRANSACCION.html
MAXCUOTASPAGOPASARELA,MAXCUOTASPAGOPASARELA,Parámetro para configurar la cantidad máxima de cuotas a diferir el pago cuando se hace por pasarela.,params/328_MAXCUOTASPAGOPASARELA.html
MONEDACIASAUTOSBUSQUEDA,MONEDACIASAUTOSBUSQUEDA,"Moneda usada para cada rentadora de autos según el parámetro CIASAUTOSBUSQUEDA,",params/329_MONEDACIASAUTOSBUSQUEDA.html
MOSTRARDETALLETOTALETICKET,MOSTRARDETALLETOTALETICKET,"Parámetro para definir si en el eticket se refleja el detalle de los valores cobrados en el tiquete como tarifa, tasas y fees o simplemente se refleje el total de la reserva.",params/330_MOSTRARDETALLETOTALETICKET.html
MOSTRARMOTIVOVIAJEETICKET,MOSTRARMOTIVOVIAJEETICKET,Parámetro para definir si en el eticket y en el correo de aprobación se refleja el motivo de viaje seleccionado al momento de realizar la reserva.,params/331_MOSTRARMOTIVOVIAJEETICKET.html
MOSTRARPPTODISPONIBLE,MOSTRARPPTODISPONIBLE,Parámetro para definir si se refleja el detalle del presupuesto en el momento de realizar la reserva.,params/332_MOSTRARPPTODISPONIBLE.html
NOMBREPASARELAEMISION,NOMBREPASARELAEMISION,"Parámetro para Indicar el nombre de la pasarela de pagos que se va a utilizar cuando los pagos son en TC, recibe como valor el nombre.",params/333_NOMBREPASARELAEMISION.html
NOUSAREMARKSAUTOMATICOS,NOUSAREMARKSAUTOMATICOS,Parámetro para poder ocultar los remarks automáticos que se generan en la reserva y en la emisión,params/334_NOUSAREMARKSAUTOMATICOS.html
OBLIGACOMPLEMENTOMOTIVORESERVA,OBLIGACOMPLEMENTOMOTIVORESERVA,Parámetro para definir como obligatorio el complemento del motivo de viaje en el proceso de reserva.,params/335_OBLIGACOMPLEMENTOMOTIVORESERVA.html
OCULTARBUSQUEDALOCALIZADORCLIENTE,OCULTARBUSQUEDALOCALIZADORCLIENTE,"Parámetro para ocultar la opción para buscar el localizador de las reservas, este parámetro solo afecta a los usuarios tipo cliente.",params/336_OCULTARBUSQUEDALOCALIZADORCLIENTE.html
OCULTARCAMPOLLEGADAPAQUETESBUSCADOR,OCULTARCAMPOLLEGADAPAQUETESBUSCADOR,"Este parámetro sirve para ocultar el campo de fecha de regreso en el buscador de planes, al digitar el valor S, el sistema oculta dicho campo, Ver imagen",params/337_OCULTARCAMPOLLEGADAPAQUETESBUSCADOR.html
OCULTARTOKENSESION,OCULTARTOKENSESION,Parámetro par definir si se oculta el icono donde se visualiza el ID sesión en el encabezado,params/338_OCULTARTOKENSESION.html
OTAHOTELCATEGORIESQUERY,OTAHOTELCATEGORIESQUERY,"De codificación OTA, indica las categorías de hoteles permitidas en una búsqueda. Esta configuración sobre-escribe la configuración que tenga el parámetro HotelCategoriesQuery si se requiere configurar más de un valor se separa por (;).",params/339_OTAHOTELCATEGORIESQUERY.html
PREFIJOREMARKSAUTOMATICOS,PREFIJOREMARKSAUTOMATICOS,"Parámetro para poder configurar el prefijo del remark y reemplazar el que se tiene por defecto que es XNET, ver a continuación la configuración.",params/340_PREFIJOREMARKSAUTOMATICOS.html
REDONDEOFILTROESTRELLAS,REDONDEOFILTROESTRELLAS,"Parámetro para redondear el número de estrellas de los hoteles, quitando las estrellas medias",params/341_REDONDEOFILTROESTRELLAS.html
REMARKTIPOJUSTIFICACION,REMARKTIPOJUSTIFICACION,Parámetro para identificar el código del motivo de incumplimiento,params/342_REMARKTIPOJUSTIFICACION.html
SEARCHFARETYPEDEFAULT,SEARCHFARETYPEDEFAULT,Parámetro para definir el tipo de tarifa que debe salir por defecto en el buscador aereo,params/343_SEARCHFARETYPEDEFAULT.html
SOLOAPROBADORESINCUMPLIMIENTO,SOLOAPROBADORESINCUMPLIMIENTO,,params/344_SOLOAPROBADORESINCUMPLIMIENTO.html
SOLOAPROBADORESINCUMPLIMIENTOINTER,SOLOAPROBADORESINCUMPLIMIENTOINTER,"Parámetro para definir si al momento de incumplir una política, el sistema activa un flujo alternativo donde la notificación de aprobación de la reserva llegara solamente al aprobador de no cumplimiento.",params/345_SOLOAPROBADORESINCUMPLIMIENTOINTER.html
SOURCECALENDARIOVUELOS,SOURCECALENDARIOVUELOS,Parámetro para definir el nombre del GDS con el que saldrá el calendario en Xnet. Este parámetro va ligado con el parámetro MOSTRARCALENDARIOVUELOS el cual debe tener como valor S para que salga el calendario en el GDS especificado.,params/346_SOURCECALENDARIOVUELOS.html
SOURCESEXPORTBACKOFFICE,SOURCESEXPORTBACKOFFICE,Parámetro para definir que sources se pueden exportar al Backoffice,params/347_SOURCESEXPORTBACKOFFICE.html
SOURCESHIDELOYALTYFORM,SOURCESHIDELOYALTYFORM,"Parámetro para ocultar el formulario de viajero frecuente para sources específicos, se puede configurar uno o varios sources.",params/348_SOURCESHIDELOYALTYFORM.html
TARIFARHORARIOSOLOBESTBUY,TARIFARHORARIOSOLOBESTBUY,Parámetro para definir si en la búsqueda que se hace por horario en el momento de tarifar solo sale el botón de best buy,params/349_TARIFARHORARIOSOLOBESTBUY.html
TIEMPOENVIORECORDATORIO,TIEMPOENVIORECORDATORIO,"Indica cada cuántos minutos se debe enviar el recordatorio al siguiente aprobador. (Este parámetro NO es automático, es decir, evalúa qué el tiempo transcurrido en minutos entre la última fecha de envío y la fecha actual sea mayor o igual al configurado por la entidad para enviar el email, sino se e",params/350_TIEMPOENVIORECORDATORIO.html
TIEMPOMAXFINGERPRINT,TIEMPOMAXFINGERPRINT,"Parámetro para manejar los meses máximos que dura un fingerprint, es decir, una vez se configura el finger print dependiendo el tiempo configurado, el sistema le va a pedir nuevamente la clave dinámica a los usuarios asi estén ingresando en el mismo dispositivo que habían registrado anteriormente.",params/351_TIEMPOMAXFINGERPRINT.html
TIPOFLUJOFFLINE,TIPOFLUJOFFLINE,"Este parámetro sirve para activar en el proceso de la reserva aérea, un módulo para poder seleccionar los hoteles que se tienen cargados en los hoteles offline.",params/352_TIPOFLUJOFFLINE.html
TIPOIDPAXDEFAULTVUELOS,TIPOIDPAXDEFAULTVUELOS,Parámetro para definir el tipo de documento que va por defecto al momento de realizar una reserva aérea,params/353_TIPOIDPAXDEFAULTVUELOS.html
URLXCORP,URLXCORP,Parámetro para configurar la url de Xcorp en Xnet.,params/354_URLXCORP.html
VOUCHERPORTRANSACCION,VOUCHERPORTRANSACCION,Indica si se debe enviar el voucher de la emisión con TC por cada transacción.,params/355_VOUCHERPORTRANSACCION.html
INSERTESTABLISHMENT,INSERTESTABLISHMENT,"Este parámetro sirve para crear establecimientos manualmente al adicionar gastos en la plataforma de legalización con flujo avanzado, el parámetro mostrará inicialmente la lista de establecimientos y al presionar el checkbox habilitará el campo para ingresar establecimientos manualmente, si el parám",params/356_INSERTESTABLISHMENT.html
DESTINATARIOMAILVIATICOS,DESTINATARIOMAILVIATICOS,"Este parámetro determina el destinatario del correo electrónico relacionado con los viáticos. Especifica quién recibirá la notificación, ya sea el solicitante, el viajero, o ambos. La configuración de este parámetro influye en el envío de los correos de viáticos y se puede ajustar según las necesida",params/357_DESTINATARIOMAILVIATICOS.html
FROMMAILVIATICOS,FROMMAILVIATICOS,Este parámetro define la dirección de correo electrónico desde la cual se enviarán los correos relacionados con los viáticos. El correo configurado en este campo para funcionar correctamente como dirección de envío. Es fundamental que el correo electrónico esté debidamente configurado y validado en ,params/358_FROMMAILVIATICOS.html
SHOWCOSTCENTERDEBITO,Mostrar Centro de Costo Débito,"Este parámetro habilita una nueva sección de centros de costo dentro del sistema, mostrando una lista de centros de costo igual a la existente, pero organizada y mostrada como una sección aparte. Esta configuración permite gestionar y visualizar de manera más clara y diferenciada los centros de cost",params/359_Mostrar_Centro_de_Costo_Débito.html
Agregar segmento pasivo de solicitud de ,Agregar segmento pasivo de solicitud de hotel,Este parámetro sirve para agregar un segmento pasivo de solicitud de hotel offline en el GDS,params/360_Agregar_segmento_pasivo_de_solicitud_de_hotel.html
Liquidar viáticos con udids,Liquidar viáticos con udids,"Indica si se utilizan udids para la liquidación de viáticos en modo avanzado, esto para cuando es el usuario el que ingresa los valores a solicitar.",params/361_Liquidar_viáticos_con_udids.html
Código de Entidad de la cual se Heredan ,Código de Entidad de la cual se Heredan los Udids,Parámetro utilizado para heredar los campos gerenciales o udids de una entidad en particular. El valor configurado será el código de entidad del cual se desean replicar o ver los udids.,params/362_Código_de_Entidad_de_la_cual_se_Heredan_los_Udids.html
HOTELADVISORNOTES,HOTELADVISORNOTES,Este parámetro permite habilitar y validar la visualización del campo de notas del asesor específicamente en el flujo de reservas de hotel. Su funcionamiento está condicionado a la existencia y valor del parámetro en cuestión.,params/363_HOTELADVISORNOTES.html
PERMITECAMBIARMONEDABUSQ,PERMITECAMBIARMONEDABUSQ,Parámetro para permitir el cambio de moneda en el buscador aéreo,params/364_PERMITECAMBIARMONEDABUSQ.html
OCULTARBOTONREMOVERCENTROCOSTO,OCULTARBOTONREMOVERCENTROCOSTO,Parámetro para definir si se visualiza o se oculta el botón de REMOVER y ADICIONAR en la sección de centros de costo,params/365_OCULTARBOTONREMOVERCENTROCOSTO.html
VALIDARLIMITECREDITOEXTENDIDO,VALIDARLIMITECREDITOEXTENDIDO,"Este parámetro define si la agencia usa validación de limite de crédito extendido para realizar emisión. La validación se realiza conectándose a un servicio de la agencia, el cual responde con la autorización (si hay crédito para realizar el pago) y en los casos de pago por TC los datos a usar en el",params/366_VALIDARLIMITECREDITOEXTENDIDO.html
ACTIVITYMARKUPVALUE,ACTIVITYMARKUPVALUE,Este parámetro indica el porcentaje de aumento que se aplicará al precio base de la actividad.,params/367_ACTIVITYMARKUPVALUE.html
ACTIVITYMARKUPVALUETOLERANCE,ACTIVITYMARKUPVALUETOLERANCE,Este parámetro define cómo se redondeará el precio final después de aplicar el incremento. (Tolerancia de redondeo),params/368_ACTIVITYMARKUPVALUETOLERANCE.html
